path,speaker,emotion,text,index
/data/home/hys4qm/ste-optimized/data/esd-angry-source/wav/0011_000353_angry.wav,0011,angry,That I owe my thanks to you.,000003
/data/home/hys4qm/ste-optimized/data/esd-angry-source/wav/0011_000003_neutral.wav,0011,neutral,That I owe my thanks to you.,000003
/data/home/hys4qm/ste-optimized/data/esd-angry-source/wav/0011_000362_angry.wav,0011,angry,Her shoes were like fishes.,000012
/data/home/hys4qm/ste-optimized/data/esd-angry-source/wav/0011_000012_neutral.wav,0011,neutral,Her shoes were like fishes.,000012
/data/home/hys4qm/ste-optimized/data/esd-angry-source/wav/0011_000363_angry.wav,0011,angry,I have bunburyed all over goat on two separate occasions.,000013
/data/home/hys4qm/ste-optimized/data/esd-angry-source/wav/0011_000013_neutral.wav,0011,neutral,I have bunburyed all over goat on two separate occasions.,000013
/data/home/hys4qm/ste-optimized/data/esd-angry-source/wav/0011_000366_angry.wav,0011,angry,"Mister share man, I move for a division.",000016
/data/home/hys4qm/ste-optimized/data/esd-angry-source/wav/0011_000016_neutral.wav,0011,neutral,"Mister share man, I move for a division.",000016
/data/home/hys4qm/ste-optimized/data/esd-angry-source/wav/0011_000377_angry.wav,0011,angry,Monster made a deep bow.,000027
/data/home/hys4qm/ste-optimized/data/esd-angry-source/wav/0011_000027_neutral.wav,0011,neutral,Monster made a deep bow.,000027
/data/home/hys4qm/ste-optimized/data/esd-angry-source/wav/0011_000381_angry.wav,0011,angry,All smile were real and the happier the more sincere .,000031
/data/home/hys4qm/ste-optimized/data/esd-angry-source/wav/0011_000031_neutral.wav,0011,neutral,All smile were real and the happier the more sincere .,000031
/data/home/hys4qm/ste-optimized/data/esd-angry-source/wav/0011_000382_angry.wav,0011,angry,Who is been repeating all that hard stuff to you?,000032
/data/home/hys4qm/ste-optimized/data/esd-angry-source/wav/0011_000032_neutral.wav,0011,neutral,Who is been repeating all that hard stuff to you?,000032
/data/home/hys4qm/ste-optimized/data/esd-angry-source/wav/0011_000398_angry.wav,0011,angry,"You are not a runaway,who are you?",000048
/data/home/hys4qm/ste-optimized/data/esd-angry-source/wav/0011_000048_neutral.wav,0011,neutral,"You are not a runaway,who are you?",000048
/data/home/hys4qm/ste-optimized/data/esd-angry-source/wav/0011_000412_angry.wav,0011,angry,"Tom, went on eeyore gloomily.",000062
/data/home/hys4qm/ste-optimized/data/esd-angry-source/wav/0011_000062_neutral.wav,0011,neutral,"Tom, went on eeyore gloomily.",000062
/data/home/hys4qm/ste-optimized/data/esd-angry-source/wav/0011_000452_angry.wav,0011,angry,"This is Jack, the relatives of Tom.",000102
/data/home/hys4qm/ste-optimized/data/esd-angry-source/wav/0011_000102_neutral.wav,0011,neutral,"This is Jack, the relatives of Tom.",000102
/data/home/hys4qm/ste-optimized/data/esd-angry-source/wav/0011_000457_angry.wav,0011,angry,Tom and Michael woke up next morning.,000107
/data/home/hys4qm/ste-optimized/data/esd-angry-source/wav/0011_000107_neutral.wav,0011,neutral,Tom and Michael woke up next morning.,000107
/data/home/hys4qm/ste-optimized/data/esd-angry-source/wav/0011_000463_angry.wav,0011,angry,Mister lawson saw george last night.,000113
/data/home/hys4qm/ste-optimized/data/esd-angry-source/wav/0011_000113_neutral.wav,0011,neutral,Mister lawson saw george last night.,000113
/data/home/hys4qm/ste-optimized/data/esd-angry-source/wav/0011_000466_angry.wav,0011,angry,"No, I burst the balloon!",000116
/data/home/hys4qm/ste-optimized/data/esd-angry-source/wav/0011_000116_neutral.wav,0011,neutral,"No, I burst the balloon!",000116
/data/home/hys4qm/ste-optimized/data/esd-angry-source/wav/0011_000474_angry.wav,0011,angry,"You know, answers to the name of Tom's son.",000124
/data/home/hys4qm/ste-optimized/data/esd-angry-source/wav/0011_000124_neutral.wav,0011,neutral,"You know, answers to the name of Tom's son.",000124
/data/home/hys4qm/ste-optimized/data/esd-angry-source/wav/0011_000500_angry.wav,0011,angry,I hope you enjoyed yourself?,000150
/data/home/hys4qm/ste-optimized/data/esd-angry-source/wav/0011_000150_neutral.wav,0011,neutral,I hope you enjoyed yourself?,000150
/data/home/hys4qm/ste-optimized/data/esd-angry-source/wav/0011_000507_angry.wav,0011,angry,"Blackbird, and Jay.",000157
/data/home/hys4qm/ste-optimized/data/esd-angry-source/wav/0011_000157_neutral.wav,0011,neutral,"Blackbird, and Jay.",000157
/data/home/hys4qm/ste-optimized/data/esd-angry-source/wav/0011_000508_angry.wav,0011,angry,it looks much better.,000158
/data/home/hys4qm/ste-optimized/data/esd-angry-source/wav/0011_000158_neutral.wav,0011,neutral,it looks much better.,000158
/data/home/hys4qm/ste-optimized/data/esd-angry-source/wav/0011_000514_angry.wav,0011,angry,His large mouth curled into a sneer.,000164
/data/home/hys4qm/ste-optimized/data/esd-angry-source/wav/0011_000164_neutral.wav,0011,neutral,His large mouth curled into a sneer.,000164
/data/home/hys4qm/ste-optimized/data/esd-angry-source/wav/0011_000521_angry.wav,0011,angry,I say neither yea nor nay.,000171
/data/home/hys4qm/ste-optimized/data/esd-angry-source/wav/0011_000171_neutral.wav,0011,neutral,I say neither yea nor nay.,000171
/data/home/hys4qm/ste-optimized/data/esd-angry-source/wav/0011_000522_angry.wav,0011,angry,I shall say good bye.,000172
/data/home/hys4qm/ste-optimized/data/esd-angry-source/wav/0011_000172_neutral.wav,0011,neutral,I shall say good bye.,000172
/data/home/hys4qm/ste-optimized/data/esd-angry-source/wav/0011_000523_angry.wav,0011,angry,He searched through the box.,000173
/data/home/hys4qm/ste-optimized/data/esd-angry-source/wav/0011_000173_neutral.wav,0011,neutral,He searched through the box.,000173
/data/home/hys4qm/ste-optimized/data/esd-angry-source/wav/0011_000524_angry.wav,0011,angry,I pay half a crown a week extra.,000174
/data/home/hys4qm/ste-optimized/data/esd-angry-source/wav/0011_000174_neutral.wav,0011,neutral,I pay half a crown a week extra.,000174
/data/home/hys4qm/ste-optimized/data/esd-angry-source/wav/0011_000531_angry.wav,0011,angry,"First, issue a reward.",000181
/data/home/hys4qm/ste-optimized/data/esd-angry-source/wav/0011_000181_neutral.wav,0011,neutral,"First, issue a reward.",000181
/data/home/hys4qm/ste-optimized/data/esd-angry-source/wav/0011_000532_angry.wav,0011,angry,Age forty five if a day a lie.,000182
/data/home/hys4qm/ste-optimized/data/esd-angry-source/wav/0011_000182_neutral.wav,0011,neutral,Age forty five if a day a lie.,000182
/data/home/hys4qm/ste-optimized/data/esd-angry-source/wav/0011_000536_angry.wav,0011,angry,She jump at the tail and bite it savagely.,000186
/data/home/hys4qm/ste-optimized/data/esd-angry-source/wav/0011_000186_neutral.wav,0011,neutral,She jump at the tail and bite it savagely.,000186
/data/home/hys4qm/ste-optimized/data/esd-angry-source/wav/0011_000537_angry.wav,0011,angry,An hour out of Guildford town.,000187
/data/home/hys4qm/ste-optimized/data/esd-angry-source/wav/0011_000187_neutral.wav,0011,neutral,An hour out of Guildford town.,000187
/data/home/hys4qm/ste-optimized/data/esd-angry-source/wav/0011_000557_angry.wav,0011,angry,"What am I, I'm a racer, son of god.",000207
/data/home/hys4qm/ste-optimized/data/esd-angry-source/wav/0011_000207_neutral.wav,0011,neutral,"What am I, I'm a racer, son of god.",000207
/data/home/hys4qm/ste-optimized/data/esd-angry-source/wav/0011_000558_angry.wav,0011,angry,"However, somebody killed something.",000208
/data/home/hys4qm/ste-optimized/data/esd-angry-source/wav/0011_000208_neutral.wav,0011,neutral,"However, somebody killed something.",000208
/data/home/hys4qm/ste-optimized/data/esd-angry-source/wav/0011_000573_angry.wav,0011,angry,"Pick, pick, pick!",000223
/data/home/hys4qm/ste-optimized/data/esd-angry-source/wav/0011_000223_neutral.wav,0011,neutral,"Pick, pick, pick!",000223
/data/home/hys4qm/ste-optimized/data/esd-angry-source/wav/0011_000574_angry.wav,0011,angry,Do you know the lid opens?,000224
/data/home/hys4qm/ste-optimized/data/esd-angry-source/wav/0011_000224_neutral.wav,0011,neutral,Do you know the lid opens?,000224
/data/home/hys4qm/ste-optimized/data/esd-angry-source/wav/0011_000577_angry.wav,0011,angry,"Born once every one hundred years, dies in flames!",000227
/data/home/hys4qm/ste-optimized/data/esd-angry-source/wav/0011_000227_neutral.wav,0011,neutral,"Born once every one hundred years, dies in flames!",000227
/data/home/hys4qm/ste-optimized/data/esd-angry-source/wav/0011_000578_angry.wav,0011,angry,It says no way! shouted Daisy.,000228
/data/home/hys4qm/ste-optimized/data/esd-angry-source/wav/0011_000228_neutral.wav,0011,neutral,It says no way! shouted Daisy.,000228
/data/home/hys4qm/ste-optimized/data/esd-angry-source/wav/0011_000579_angry.wav,0011,angry,The first year they sowed rye.,000229
/data/home/hys4qm/ste-optimized/data/esd-angry-source/wav/0011_000229_neutral.wav,0011,neutral,The first year they sowed rye.,000229
/data/home/hys4qm/ste-optimized/data/esd-angry-source/wav/0011_000581_angry.wav,0011,angry,He told me that I ought to change.,000231
/data/home/hys4qm/ste-optimized/data/esd-angry-source/wav/0011_000231_neutral.wav,0011,neutral,He told me that I ought to change.,000231
/data/home/hys4qm/ste-optimized/data/esd-angry-source/wav/0011_000591_angry.wav,0011,angry,We have showed his shark tooth.,000241
/data/home/hys4qm/ste-optimized/data/esd-angry-source/wav/0011_000241_neutral.wav,0011,neutral,We have showed his shark tooth.,000241
/data/home/hys4qm/ste-optimized/data/esd-angry-source/wav/0011_000594_angry.wav,0011,angry,Off for the prison ship.,000244
/data/home/hys4qm/ste-optimized/data/esd-angry-source/wav/0011_000244_neutral.wav,0011,neutral,Off for the prison ship.,000244
/data/home/hys4qm/ste-optimized/data/esd-angry-source/wav/0011_000596_angry.wav,0011,angry,We can not do it sir.,000246
/data/home/hys4qm/ste-optimized/data/esd-angry-source/wav/0011_000246_neutral.wav,0011,neutral,We can not do it sir.,000246
/data/home/hys4qm/ste-optimized/data/esd-angry-source/wav/0011_000598_angry.wav,0011,angry,In which piglet meets an elephant.,000248
/data/home/hys4qm/ste-optimized/data/esd-angry-source/wav/0011_000248_neutral.wav,0011,neutral,In which piglet meets an elephant.,000248
/data/home/hys4qm/ste-optimized/data/esd-angry-source/wav/0011_000607_angry.wav,0011,angry,I would scoff at these followers.,000257
/data/home/hys4qm/ste-optimized/data/esd-angry-source/wav/0011_000257_neutral.wav,0011,neutral,I would scoff at these followers.,000257
/data/home/hys4qm/ste-optimized/data/esd-angry-source/wav/0011_000624_angry.wav,0011,angry,Because he was a man with infinite resource and sagacity.,000274
/data/home/hys4qm/ste-optimized/data/esd-angry-source/wav/0011_000274_neutral.wav,0011,neutral,Because he was a man with infinite resource and sagacity.,000274
/data/home/hys4qm/ste-optimized/data/esd-angry-source/wav/0011_000630_angry.wav,0011,angry,Your path now goes south.,000280
/data/home/hys4qm/ste-optimized/data/esd-angry-source/wav/0011_000280_neutral.wav,0011,neutral,Your path now goes south.,000280
/data/home/hys4qm/ste-optimized/data/esd-angry-source/wav/0011_000636_angry.wav,0011,angry,"One two three, where is your breakfast.",000286
/data/home/hys4qm/ste-optimized/data/esd-angry-source/wav/0011_000286_neutral.wav,0011,neutral,"One two three, where is your breakfast.",000286
/data/home/hys4qm/ste-optimized/data/esd-angry-source/wav/0011_000641_angry.wav,0011,angry,The end of february fourteenth.,000291
/data/home/hys4qm/ste-optimized/data/esd-angry-source/wav/0011_000291_neutral.wav,0011,neutral,The end of february fourteenth.,000291
/data/home/hys4qm/ste-optimized/data/esd-angry-source/wav/0011_000643_angry.wav,0011,angry,He is old fashioned but he is the best of men.,000293
/data/home/hys4qm/ste-optimized/data/esd-angry-source/wav/0011_000293_neutral.wav,0011,neutral,He is old fashioned but he is the best of men.,000293
/data/home/hys4qm/ste-optimized/data/esd-angry-source/wav/0011_000646_angry.wav,0011,angry,You woke me up!,000296
/data/home/hys4qm/ste-optimized/data/esd-angry-source/wav/0011_000296_neutral.wav,0011,neutral,You woke me up!,000296
/data/home/hys4qm/ste-optimized/data/esd-angry-source/wav/0011_000667_angry.wav,0011,angry,At length they came to a sharp bend.,000317
/data/home/hys4qm/ste-optimized/data/esd-angry-source/wav/0011_000317_neutral.wav,0011,neutral,At length they came to a sharp bend.,000317
/data/home/hys4qm/ste-optimized/data/esd-angry-source/wav/0011_000670_angry.wav,0011,angry,Goat Billy asked the old chinese guy.,000320
/data/home/hys4qm/ste-optimized/data/esd-angry-source/wav/0011_000320_neutral.wav,0011,neutral,Goat Billy asked the old chinese guy.,000320
/data/home/hys4qm/ste-optimized/data/esd-angry-source/wav/0011_000679_angry.wav,0011,angry,And his heart wagged with joy like a lamb's tail.,000329
/data/home/hys4qm/ste-optimized/data/esd-angry-source/wav/0011_000329_neutral.wav,0011,neutral,And his heart wagged with joy like a lamb's tail.,000329
/data/home/hys4qm/ste-optimized/data/esd-angry-source/wav/0011_000695_angry.wav,0011,angry,A whirring noise was heard.,000345
/data/home/hys4qm/ste-optimized/data/esd-angry-source/wav/0011_000345_neutral.wav,0011,neutral,A whirring noise was heard.,000345
/data/home/hys4qm/ste-optimized/data/esd-angry-source/wav/0011_000699_angry.wav,0011,angry,What do you think of this question?,000349
/data/home/hys4qm/ste-optimized/data/esd-angry-source/wav/0011_000349_neutral.wav,0011,neutral,What do you think of this question?,000349
/data/home/hys4qm/ste-optimized/data/esd-angry-source/wav/0012_000396_angry.wav,0012,angry,They'd never know I'd regular ran away.,000046
/data/home/hys4qm/ste-optimized/data/esd-angry-source/wav/0012_000046_neutral.wav,0012,neutral,They'd never know I'd regular ran away.,000046
/data/home/hys4qm/ste-optimized/data/esd-angry-source/wav/0012_000459_angry.wav,0012,angry,If they mother knew it.,000109
/data/home/hys4qm/ste-optimized/data/esd-angry-source/wav/0012_000109_neutral.wav,0012,neutral,If they mother knew it.,000109
/data/home/hys4qm/ste-optimized/data/esd-angry-source/wav/0012_000460_angry.wav,0012,angry,Act drop second act scene.,000110
/data/home/hys4qm/ste-optimized/data/esd-angry-source/wav/0012_000110_neutral.wav,0012,neutral,Act drop second act scene.,000110
/data/home/hys4qm/ste-optimized/data/esd-angry-source/wav/0012_000475_angry.wav,0012,angry,To catch that bulrush root with my paw!,000125
/data/home/hys4qm/ste-optimized/data/esd-angry-source/wav/0012_000125_neutral.wav,0012,neutral,To catch that bulrush root with my paw!,000125
/data/home/hys4qm/ste-optimized/data/esd-angry-source/wav/0012_000477_angry.wav,0012,angry,Cos I know I had some honey.,000127
/data/home/hys4qm/ste-optimized/data/esd-angry-source/wav/0012_000127_neutral.wav,0012,neutral,Cos I know I had some honey.,000127
/data/home/hys4qm/ste-optimized/data/esd-angry-source/wav/0012_000503_angry.wav,0012,angry,But we are not high yet.,000153
/data/home/hys4qm/ste-optimized/data/esd-angry-source/wav/0012_000153_neutral.wav,0012,neutral,But we are not high yet.,000153
/data/home/hys4qm/ste-optimized/data/esd-angry-source/wav/0012_000522_angry.wav,0012,angry,I shall say good bye.,000172
/data/home/hys4qm/ste-optimized/data/esd-angry-source/wav/0012_000172_neutral.wav,0012,neutral,I shall say good bye.,000172
/data/home/hys4qm/ste-optimized/data/esd-angry-source/wav/0012_000527_angry.wav,0012,angry,Tom fell with a cloven head.,000177
/data/home/hys4qm/ste-optimized/data/esd-angry-source/wav/0012_000177_neutral.wav,0012,neutral,Tom fell with a cloven head.,000177
/data/home/hys4qm/ste-optimized/data/esd-angry-source/wav/0012_000535_angry.wav,0012,angry,The new born baby is stolen as we go.,000185
/data/home/hys4qm/ste-optimized/data/esd-angry-source/wav/0012_000185_neutral.wav,0012,neutral,The new born baby is stolen as we go.,000185
/data/home/hys4qm/ste-optimized/data/esd-angry-source/wav/0012_000553_angry.wav,0012,angry,I was not grabbed.,000203
/data/home/hys4qm/ste-optimized/data/esd-angry-source/wav/0012_000203_neutral.wav,0012,neutral,I was not grabbed.,000203
/data/home/hys4qm/ste-optimized/data/esd-angry-source/wav/0012_000571_angry.wav,0012,angry,I am a selfish sinner.,000221
/data/home/hys4qm/ste-optimized/data/esd-angry-source/wav/0012_000221_neutral.wav,0012,neutral,I am a selfish sinner.,000221
/data/home/hys4qm/ste-optimized/data/esd-angry-source/wav/0012_000585_angry.wav,0012,angry,"If not, I shall go no further.",000235
/data/home/hys4qm/ste-optimized/data/esd-angry-source/wav/0012_000235_neutral.wav,0012,neutral,"If not, I shall go no further.",000235
/data/home/hys4qm/ste-optimized/data/esd-angry-source/wav/0012_000599_angry.wav,0012,angry,You may imagine how I gape.,000249
/data/home/hys4qm/ste-optimized/data/esd-angry-source/wav/0012_000249_neutral.wav,0012,neutral,You may imagine how I gape.,000249
/data/home/hys4qm/ste-optimized/data/esd-angry-source/wav/0012_000607_angry.wav,0012,angry,I would scoff at these followers.,000257
/data/home/hys4qm/ste-optimized/data/esd-angry-source/wav/0012_000257_neutral.wav,0012,neutral,I would scoff at these followers.,000257
/data/home/hys4qm/ste-optimized/data/esd-angry-source/wav/0012_000629_angry.wav,0012,angry,These words behind the ears is nonsense.,000279
/data/home/hys4qm/ste-optimized/data/esd-angry-source/wav/0012_000279_neutral.wav,0012,neutral,These words behind the ears is nonsense.,000279
/data/home/hys4qm/ste-optimized/data/esd-angry-source/wav/0012_000640_angry.wav,0012,angry,There goes the shawl again!,000290
/data/home/hys4qm/ste-optimized/data/esd-angry-source/wav/0012_000290_neutral.wav,0012,neutral,There goes the shawl again!,000290
/data/home/hys4qm/ste-optimized/data/esd-angry-source/wav/0012_000660_angry.wav,0012,angry,Why it is just like the round egg which sounds thin.,000310
/data/home/hys4qm/ste-optimized/data/esd-angry-source/wav/0012_000310_neutral.wav,0012,neutral,Why it is just like the round egg which sounds thin.,000310
/data/home/hys4qm/ste-optimized/data/esd-angry-source/wav/0012_000661_angry.wav,0012,angry,I am safe back again.,000311
/data/home/hys4qm/ste-optimized/data/esd-angry-source/wav/0012_000311_neutral.wav,0012,neutral,I am safe back again.,000311
/data/home/hys4qm/ste-optimized/data/esd-angry-source/wav/0012_000678_angry.wav,0012,angry,It would be a hard choice.,000328
/data/home/hys4qm/ste-optimized/data/esd-angry-source/wav/0012_000328_neutral.wav,0012,neutral,It would be a hard choice.,000328
/data/home/hys4qm/ste-optimized/data/esd-angry-source/wav/0012_000692_angry.wav,0012,angry,Why should I purchase my own?,000342
/data/home/hys4qm/ste-optimized/data/esd-angry-source/wav/0012_000342_neutral.wav,0012,neutral,Why should I purchase my own?,000342
/data/home/hys4qm/ste-optimized/data/esd-angry-source/wav/0013_000381_angry.wav,0013,angry,All smile were real and the happier，the more sincere .,000031
/data/home/hys4qm/ste-optimized/data/esd-angry-source/wav/0013_000031_neutral.wav,0013,neutral,All smile were real and the happier，the more sincere .,000031
/data/home/hys4qm/ste-optimized/data/esd-angry-source/wav/0013_000413_angry.wav,0013,angry,Asteroid three hundred and twenty five.,000063
/data/home/hys4qm/ste-optimized/data/esd-angry-source/wav/0013_000063_neutral.wav,0013,neutral,Asteroid three hundred and twenty five.,000063
/data/home/hys4qm/ste-optimized/data/esd-angry-source/wav/0013_000419_angry.wav,0013,angry,"Not much use is it, sam?",000069
/data/home/hys4qm/ste-optimized/data/esd-angry-source/wav/0013_000069_neutral.wav,0013,neutral,"Not much use is it, sam?",000069
/data/home/hys4qm/ste-optimized/data/esd-angry-source/wav/0013_000432_angry.wav,0013,angry,A fair jaw cracker dwarf language must be!,000082
/data/home/hys4qm/ste-optimized/data/esd-angry-source/wav/0013_000082_neutral.wav,0013,neutral,A fair jaw cracker dwarf language must be!,000082
/data/home/hys4qm/ste-optimized/data/esd-angry-source/wav/0013_000451_angry.wav,0013,angry,"It's me piglit, help help!",000101
/data/home/hys4qm/ste-optimized/data/esd-angry-source/wav/0013_000101_neutral.wav,0013,neutral,"It's me piglit, help help!",000101
/data/home/hys4qm/ste-optimized/data/esd-angry-source/wav/0013_000478_angry.wav,0013,angry,Put that rude grasshopper in jail!,000128
/data/home/hys4qm/ste-optimized/data/esd-angry-source/wav/0013_000128_neutral.wav,0013,neutral,Put that rude grasshopper in jail!,000128
/data/home/hys4qm/ste-optimized/data/esd-angry-source/wav/0013_000491_angry.wav,0013,angry,Can I lodge here tonight?,000141
/data/home/hys4qm/ste-optimized/data/esd-angry-source/wav/0013_000141_neutral.wav,0013,neutral,Can I lodge here tonight?,000141
/data/home/hys4qm/ste-optimized/data/esd-angry-source/wav/0013_000519_angry.wav,0013,angry,Sam waved his arm vaguely.,000169
/data/home/hys4qm/ste-optimized/data/esd-angry-source/wav/0013_000169_neutral.wav,0013,neutral,Sam waved his arm vaguely.,000169
/data/home/hys4qm/ste-optimized/data/esd-angry-source/wav/0013_000523_angry.wav,0013,angry,He searched through the box.,000173
/data/home/hys4qm/ste-optimized/data/esd-angry-source/wav/0013_000173_neutral.wav,0013,neutral,He searched through the box.,000173
/data/home/hys4qm/ste-optimized/data/esd-angry-source/wav/0013_000530_angry.wav,0013,angry,Toast from the bread fruit tree.,000180
/data/home/hys4qm/ste-optimized/data/esd-angry-source/wav/0013_000180_neutral.wav,0013,neutral,Toast from the bread fruit tree.,000180
/data/home/hys4qm/ste-optimized/data/esd-angry-source/wav/0013_000546_angry.wav,0013,angry,Clear are your eyes and bright your breath!,000196
/data/home/hys4qm/ste-optimized/data/esd-angry-source/wav/0013_000196_neutral.wav,0013,neutral,Clear are your eyes and bright your breath!,000196
/data/home/hys4qm/ste-optimized/data/esd-angry-source/wav/0013_000547_angry.wav,0013,angry,"Fur flew through the air, teeth gnashed.",000197
/data/home/hys4qm/ste-optimized/data/esd-angry-source/wav/0013_000197_neutral.wav,0013,neutral,"Fur flew through the air, teeth gnashed.",000197
/data/home/hys4qm/ste-optimized/data/esd-angry-source/wav/0013_000549_angry.wav,0013,angry,Captain Tom receives an angry letter.,000199
/data/home/hys4qm/ste-optimized/data/esd-angry-source/wav/0013_000199_neutral.wav,0013,neutral,Captain Tom receives an angry letter.,000199
/data/home/hys4qm/ste-optimized/data/esd-angry-source/wav/0013_000559_angry.wav,0013,angry,A raging fire was-in his eyes.,000209
/data/home/hys4qm/ste-optimized/data/esd-angry-source/wav/0013_000209_neutral.wav,0013,neutral,A raging fire was-in his eyes.,000209
/data/home/hys4qm/ste-optimized/data/esd-angry-source/wav/0013_000569_angry.wav,0013,angry,But the tune isn't his own invention.,000219
/data/home/hys4qm/ste-optimized/data/esd-angry-source/wav/0013_000219_neutral.wav,0013,neutral,But the tune isn't his own invention.,000219
/data/home/hys4qm/ste-optimized/data/esd-angry-source/wav/0013_000575_angry.wav,0013,angry,Her existence makes him pleasant.,000225
/data/home/hys4qm/ste-optimized/data/esd-angry-source/wav/0013_000225_neutral.wav,0013,neutral,Her existence makes him pleasant.,000225
/data/home/hys4qm/ste-optimized/data/esd-angry-source/wav/0013_000603_angry.wav,0013,angry,I have a soothsayer.,000253
/data/home/hys4qm/ste-optimized/data/esd-angry-source/wav/0013_000253_neutral.wav,0013,neutral,I have a soothsayer.,000253
/data/home/hys4qm/ste-optimized/data/esd-angry-source/wav/0013_000623_angry.wav,0013,angry,I'd just as soon swim your way as others do.,000273
/data/home/hys4qm/ste-optimized/data/esd-angry-source/wav/0013_000273_neutral.wav,0013,neutral,I'd just as soon swim your way as others do.,000273
/data/home/hys4qm/ste-optimized/data/esd-angry-source/wav/0013_000656_angry.wav,0013,angry,Please invite Tom if there is not requires.,000306
/data/home/hys4qm/ste-optimized/data/esd-angry-source/wav/0013_000306_neutral.wav,0013,neutral,Please invite Tom if there is not requires.,000306
/data/home/hys4qm/ste-optimized/data/esd-angry-source/wav/0013_000686_angry.wav,0013,angry,Over them swooped the eagles.,000336
/data/home/hys4qm/ste-optimized/data/esd-angry-source/wav/0013_000336_neutral.wav,0013,neutral,Over them swooped the eagles.,000336
/data/home/hys4qm/ste-optimized/data/esd-angry-source/wav/0014_000368_angry.wav,0014,angry,Then sadly it is much farther.,000018
/data/home/hys4qm/ste-optimized/data/esd-angry-source/wav/0014_000018_neutral.wav,0014,neutral,Then sadly it is much farther.,000018
/data/home/hys4qm/ste-optimized/data/esd-angry-source/wav/0014_000370_angry.wav,0014,angry,At the roots-of a bush of a grass.,000020
/data/home/hys4qm/ste-optimized/data/esd-angry-source/wav/0014_000020_neutral.wav,0014,neutral,At the roots-of a bush of a grass.,000020
/data/home/hys4qm/ste-optimized/data/esd-angry-source/wav/0014_000373_angry.wav,0014,angry,I thought you meant how old are you?,000023
/data/home/hys4qm/ste-optimized/data/esd-angry-source/wav/0014_000023_neutral.wav,0014,neutral,I thought you meant how old are you?,000023
/data/home/hys4qm/ste-optimized/data/esd-angry-source/wav/0014_000375_angry.wav,0014,angry,She is now choosing skirt to wear.,000025
/data/home/hys4qm/ste-optimized/data/esd-angry-source/wav/0014_000025_neutral.wav,0014,neutral,She is now choosing skirt to wear.,000025
/data/home/hys4qm/ste-optimized/data/esd-angry-source/wav/0014_000378_angry.wav,0014,angry,"She had said, so that one could keep up a conversation!",000028
/data/home/hys4qm/ste-optimized/data/esd-angry-source/wav/0014_000028_neutral.wav,0014,neutral,"She had said, so that one could keep up a conversation!",000028
/data/home/hys4qm/ste-optimized/data/esd-angry-source/wav/0014_000397_angry.wav,0014,angry,please excuse me.,000047
/data/home/hys4qm/ste-optimized/data/esd-angry-source/wav/0014_000047_neutral.wav,0014,neutral,please excuse me.,000047
/data/home/hys4qm/ste-optimized/data/esd-angry-source/wav/0014_000419_angry.wav,0014,angry,"Not much use is it, sam?",000069
/data/home/hys4qm/ste-optimized/data/esd-angry-source/wav/0014_000069_neutral.wav,0014,neutral,"Not much use is it, sam?",000069
/data/home/hys4qm/ste-optimized/data/esd-angry-source/wav/0014_000420_angry.wav,0014,angry,Tom now let our arrows fly!,000070
/data/home/hys4qm/ste-optimized/data/esd-angry-source/wav/0014_000070_neutral.wav,0014,neutral,Tom now let our arrows fly!,000070
/data/home/hys4qm/ste-optimized/data/esd-angry-source/wav/0014_000423_angry.wav,0014,angry,how suspicious this fox.,000073
/data/home/hys4qm/ste-optimized/data/esd-angry-source/wav/0014_000073_neutral.wav,0014,neutral,how suspicious this fox.,000073
/data/home/hys4qm/ste-optimized/data/esd-angry-source/wav/0014_000434_angry.wav,0014,angry,By hook or by crook.,000084
/data/home/hys4qm/ste-optimized/data/esd-angry-source/wav/0014_000084_neutral.wav,0014,neutral,By hook or by crook.,000084
/data/home/hys4qm/ste-optimized/data/esd-angry-source/wav/0014_000441_angry.wav,0014,angry,We expected Tom would jump for joy.,000091
/data/home/hys4qm/ste-optimized/data/esd-angry-source/wav/0014_000091_neutral.wav,0014,neutral,We expected Tom would jump for joy.,000091
/data/home/hys4qm/ste-optimized/data/esd-angry-source/wav/0014_000445_angry.wav,0014,angry,Aha what i have we here?,000095
/data/home/hys4qm/ste-optimized/data/esd-angry-source/wav/0014_000095_neutral.wav,0014,neutral,Aha what i have we here?,000095
/data/home/hys4qm/ste-optimized/data/esd-angry-source/wav/0014_000449_angry.wav,0014,angry,I've hit the wrong nose.,000099
/data/home/hys4qm/ste-optimized/data/esd-angry-source/wav/0014_000099_neutral.wav,0014,neutral,I've hit the wrong nose.,000099
/data/home/hys4qm/ste-optimized/data/esd-angry-source/wav/0014_000458_angry.wav,0014,angry,The squire himself showed perfect.,000108
/data/home/hys4qm/ste-optimized/data/esd-angry-source/wav/0014_000108_neutral.wav,0014,neutral,The squire himself showed perfect.,000108
/data/home/hys4qm/ste-optimized/data/esd-angry-source/wav/0014_000460_angry.wav,0014,angry,Act drop second act scene.,000110
/data/home/hys4qm/ste-optimized/data/esd-angry-source/wav/0014_000110_neutral.wav,0014,neutral,Act drop second act scene.,000110
/data/home/hys4qm/ste-optimized/data/esd-angry-source/wav/0014_000462_angry.wav,0014,angry,"Clown, to call him joey.",000112
/data/home/hys4qm/ste-optimized/data/esd-angry-source/wav/0014_000112_neutral.wav,0014,neutral,"Clown, to call him joey.",000112
/data/home/hys4qm/ste-optimized/data/esd-angry-source/wav/0014_000466_angry.wav,0014,angry,"No, I burst the balloon!",000116
/data/home/hys4qm/ste-optimized/data/esd-angry-source/wav/0014_000116_neutral.wav,0014,neutral,"No, I burst the balloon!",000116
/data/home/hys4qm/ste-optimized/data/esd-angry-source/wav/0014_000469_angry.wav,0014,angry,The owl flew into a bush.,000119
/data/home/hys4qm/ste-optimized/data/esd-angry-source/wav/0014_000119_neutral.wav,0014,neutral,The owl flew into a bush.,000119
/data/home/hys4qm/ste-optimized/data/esd-angry-source/wav/0014_000471_angry.wav,0014,angry,Finn and the fairy shoemaker.,000121
/data/home/hys4qm/ste-optimized/data/esd-angry-source/wav/0014_000121_neutral.wav,0014,neutral,Finn and the fairy shoemaker.,000121
/data/home/hys4qm/ste-optimized/data/esd-angry-source/wav/0014_000473_angry.wav,0014,angry,I am from towel land.,000123
/data/home/hys4qm/ste-optimized/data/esd-angry-source/wav/0014_000123_neutral.wav,0014,neutral,I am from towel land.,000123
/data/home/hys4qm/ste-optimized/data/esd-angry-source/wav/0014_000475_angry.wav,0014,angry,To catch that bulrush root with my paw!,000125
/data/home/hys4qm/ste-optimized/data/esd-angry-source/wav/0014_000125_neutral.wav,0014,neutral,To catch that bulrush root with my paw!,000125
/data/home/hys4qm/ste-optimized/data/esd-angry-source/wav/0014_000478_angry.wav,0014,angry,Put that rude grasshopper in jail!,000128
/data/home/hys4qm/ste-optimized/data/esd-angry-source/wav/0014_000128_neutral.wav,0014,neutral,Put that rude grasshopper in jail!,000128
/data/home/hys4qm/ste-optimized/data/esd-angry-source/wav/0014_000482_angry.wav,0014,angry,I thank you for this mercy!,000132
/data/home/hys4qm/ste-optimized/data/esd-angry-source/wav/0014_000132_neutral.wav,0014,neutral,I thank you for this mercy!,000132
/data/home/hys4qm/ste-optimized/data/esd-angry-source/wav/0014_000488_angry.wav,0014,angry,But one requires the explorer to furnish proofs.,000138
/data/home/hys4qm/ste-optimized/data/esd-angry-source/wav/0014_000138_neutral.wav,0014,neutral,But one requires the explorer to furnish proofs.,000138
/data/home/hys4qm/ste-optimized/data/esd-angry-source/wav/0014_000495_angry.wav,0014,angry,Reed by the living pool!,000145
/data/home/hys4qm/ste-optimized/data/esd-angry-source/wav/0014_000145_neutral.wav,0014,neutral,Reed by the living pool!,000145
/data/home/hys4qm/ste-optimized/data/esd-angry-source/wav/0014_000496_angry.wav,0014,angry,"He said to Jack, the chatterer.",000146
/data/home/hys4qm/ste-optimized/data/esd-angry-source/wav/0014_000146_neutral.wav,0014,neutral,"He said to Jack, the chatterer.",000146
/data/home/hys4qm/ste-optimized/data/esd-angry-source/wav/0014_000518_angry.wav,0014,angry,"I said you looked like an egg, sir.",000168
/data/home/hys4qm/ste-optimized/data/esd-angry-source/wav/0014_000168_neutral.wav,0014,neutral,"I said you looked like an egg, sir.",000168
/data/home/hys4qm/ste-optimized/data/esd-angry-source/wav/0014_000519_angry.wav,0014,angry,Sam waved his arm vaguely.,000169
/data/home/hys4qm/ste-optimized/data/esd-angry-source/wav/0014_000169_neutral.wav,0014,neutral,Sam waved his arm vaguely.,000169
/data/home/hys4qm/ste-optimized/data/esd-angry-source/wav/0014_000533_angry.wav,0014,angry,Fresh pain seized Paul's body.,000183
/data/home/hys4qm/ste-optimized/data/esd-angry-source/wav/0014_000183_neutral.wav,0014,neutral,Fresh pain seized Paul's body.,000183
/data/home/hys4qm/ste-optimized/data/esd-angry-source/wav/0014_000534_angry.wav,0014,angry,"We have been fine, haven't we?",000184
/data/home/hys4qm/ste-optimized/data/esd-angry-source/wav/0014_000184_neutral.wav,0014,neutral,"We have been fine, haven't we?",000184
/data/home/hys4qm/ste-optimized/data/esd-angry-source/wav/0014_000555_angry.wav,0014,angry,Fear neither root nor sprout!,000205
/data/home/hys4qm/ste-optimized/data/esd-angry-source/wav/0014_000205_neutral.wav,0014,neutral,Fear neither root nor sprout!,000205
/data/home/hys4qm/ste-optimized/data/esd-angry-source/wav/0014_000558_angry.wav,0014,angry,"However, somebody killed something.",000208
/data/home/hys4qm/ste-optimized/data/esd-angry-source/wav/0014_000208_neutral.wav,0014,neutral,"However, somebody killed something.",000208
/data/home/hys4qm/ste-optimized/data/esd-angry-source/wav/0014_000565_angry.wav,0014,angry,He likes dragons very much.,000215
/data/home/hys4qm/ste-optimized/data/esd-angry-source/wav/0014_000215_neutral.wav,0014,neutral,He likes dragons very much.,000215
/data/home/hys4qm/ste-optimized/data/esd-angry-source/wav/0014_000568_angry.wav,0014,angry,I'll send for Tom to my boudoir.,000218
/data/home/hys4qm/ste-optimized/data/esd-angry-source/wav/0014_000218_neutral.wav,0014,neutral,I'll send for Tom to my boudoir.,000218
/data/home/hys4qm/ste-optimized/data/esd-angry-source/wav/0014_000571_angry.wav,0014,angry,I am a selfish sinner.,000221
/data/home/hys4qm/ste-optimized/data/esd-angry-source/wav/0014_000221_neutral.wav,0014,neutral,I am a selfish sinner.,000221
/data/home/hys4qm/ste-optimized/data/esd-angry-source/wav/0014_000577_angry.wav,0014,angry,"Born once every one hundred years, dies in flames!",000227
/data/home/hys4qm/ste-optimized/data/esd-angry-source/wav/0014_000227_neutral.wav,0014,neutral,"Born once every one hundred years, dies in flames!",000227
/data/home/hys4qm/ste-optimized/data/esd-angry-source/wav/0014_000591_angry.wav,0014,angry,We have showed his shark tooth.,000241
/data/home/hys4qm/ste-optimized/data/esd-angry-source/wav/0014_000241_neutral.wav,0014,neutral,We have showed his shark tooth.,000241
/data/home/hys4qm/ste-optimized/data/esd-angry-source/wav/0014_000593_angry.wav,0014,angry,And has you slain him?,000243
/data/home/hys4qm/ste-optimized/data/esd-angry-source/wav/0014_000243_neutral.wav,0014,neutral,And has you slain him?,000243
/data/home/hys4qm/ste-optimized/data/esd-angry-source/wav/0014_000595_angry.wav,0014,angry,Do you think it's a woozle?,000245
/data/home/hys4qm/ste-optimized/data/esd-angry-source/wav/0014_000245_neutral.wav,0014,neutral,Do you think it's a woozle?,000245
/data/home/hys4qm/ste-optimized/data/esd-angry-source/wav/0014_000603_angry.wav,0014,angry,I have a soothsayer.,000253
/data/home/hys4qm/ste-optimized/data/esd-angry-source/wav/0014_000253_neutral.wav,0014,neutral,I have a soothsayer.,000253
/data/home/hys4qm/ste-optimized/data/esd-angry-source/wav/0014_000625_angry.wav,0014,angry,You shouldn't have pricked him with your horn.,000275
/data/home/hys4qm/ste-optimized/data/esd-angry-source/wav/0014_000275_neutral.wav,0014,neutral,You shouldn't have pricked him with your horn.,000275
/data/home/hys4qm/ste-optimized/data/esd-angry-source/wav/0014_000640_angry.wav,0014,angry,There goes the shawl again!,000290
/data/home/hys4qm/ste-optimized/data/esd-angry-source/wav/0014_000290_neutral.wav,0014,neutral,There goes the shawl again!,000290
/data/home/hys4qm/ste-optimized/data/esd-angry-source/wav/0014_000642_angry.wav,0014,angry,She has a high voice.,000292
/data/home/hys4qm/ste-optimized/data/esd-angry-source/wav/0014_000292_neutral.wav,0014,neutral,She has a high voice.,000292
/data/home/hys4qm/ste-optimized/data/esd-angry-source/wav/0014_000643_angry.wav,0014,angry,He is old fashioned but he is the best of men.,000293
/data/home/hys4qm/ste-optimized/data/esd-angry-source/wav/0014_000293_neutral.wav,0014,neutral,He is old fashioned but he is the best of men.,000293
/data/home/hys4qm/ste-optimized/data/esd-angry-source/wav/0014_000654_angry.wav,0014,angry,How do you like you dirty bird!,000304
/data/home/hys4qm/ste-optimized/data/esd-angry-source/wav/0014_000304_neutral.wav,0014,neutral,How do you like you dirty bird!,000304
/data/home/hys4qm/ste-optimized/data/esd-angry-source/wav/0014_000657_angry.wav,0014,angry,I owe them five hundred dollars.,000307
/data/home/hys4qm/ste-optimized/data/esd-angry-source/wav/0014_000307_neutral.wav,0014,neutral,I owe them five hundred dollars.,000307
/data/home/hys4qm/ste-optimized/data/esd-angry-source/wav/0014_000663_angry.wav,0014,angry,Give me a fine fat goose.,000313
/data/home/hys4qm/ste-optimized/data/esd-angry-source/wav/0014_000313_neutral.wav,0014,neutral,Give me a fine fat goose.,000313
/data/home/hys4qm/ste-optimized/data/esd-angry-source/wav/0014_000667_angry.wav,0014,angry,At length they came to a sharp bend.,000317
/data/home/hys4qm/ste-optimized/data/esd-angry-source/wav/0014_000317_neutral.wav,0014,neutral,At length they came to a sharp bend.,000317
/data/home/hys4qm/ste-optimized/data/esd-angry-source/wav/0014_000674_angry.wav,0014,angry,And she caught at the brooch.,000324
/data/home/hys4qm/ste-optimized/data/esd-angry-source/wav/0014_000324_neutral.wav,0014,neutral,And she caught at the brooch.,000324
/data/home/hys4qm/ste-optimized/data/esd-angry-source/wav/0014_000684_angry.wav,0014,angry,"Another one, ten thousand dollars.",000334
/data/home/hys4qm/ste-optimized/data/esd-angry-source/wav/0014_000334_neutral.wav,0014,neutral,"Another one, ten thousand dollars.",000334
/data/home/hys4qm/ste-optimized/data/esd-angry-source/wav/0015_000400_angry.wav,0015,angry,Rabbit gave dog a hurrying up sort of nudge.,000050
/data/home/hys4qm/ste-optimized/data/esd-angry-source/wav/0015_000050_neutral.wav,0015,neutral,Rabbit gave dog a hurrying up sort of nudge.,000050
/data/home/hys4qm/ste-optimized/data/esd-angry-source/wav/0015_000440_angry.wav,0015,angry,And they did push so!,000090
/data/home/hys4qm/ste-optimized/data/esd-angry-source/wav/0015_000090_neutral.wav,0015,neutral,And they did push so!,000090
/data/home/hys4qm/ste-optimized/data/esd-angry-source/wav/0015_000458_angry.wav,0015,angry,The squire himself showed perfect.,000108
/data/home/hys4qm/ste-optimized/data/esd-angry-source/wav/0015_000108_neutral.wav,0015,neutral,The squire himself showed perfect.,000108
/data/home/hys4qm/ste-optimized/data/esd-angry-source/wav/0015_000485_angry.wav,0015,angry,I blinked my eyes hard.,000135
/data/home/hys4qm/ste-optimized/data/esd-angry-source/wav/0015_000135_neutral.wav,0015,neutral,I blinked my eyes hard.,000135
/data/home/hys4qm/ste-optimized/data/esd-angry-source/wav/0015_000507_angry.wav,0015,angry,"Blackbird, and Jay.",000157
/data/home/hys4qm/ste-optimized/data/esd-angry-source/wav/0015_000157_neutral.wav,0015,neutral,"Blackbird, and Jay.",000157
/data/home/hys4qm/ste-optimized/data/esd-angry-source/wav/0015_000524_angry.wav,0015,angry,I pay half a crown a week extra.,000174
/data/home/hys4qm/ste-optimized/data/esd-angry-source/wav/0015_000174_neutral.wav,0015,neutral,I pay half a crown a week extra.,000174
/data/home/hys4qm/ste-optimized/data/esd-angry-source/wav/0015_000547_angry.wav,0015,angry,"Fur flew through the air, teeth gnashed.",000197
/data/home/hys4qm/ste-optimized/data/esd-angry-source/wav/0015_000197_neutral.wav,0015,neutral,"Fur flew through the air, teeth gnashed.",000197
/data/home/hys4qm/ste-optimized/data/esd-angry-source/wav/0015_000576_angry.wav,0015,angry,And the next day. Nurse will be released.,000226
/data/home/hys4qm/ste-optimized/data/esd-angry-source/wav/0015_000226_neutral.wav,0015,neutral,And the next day. Nurse will be released.,000226
/data/home/hys4qm/ste-optimized/data/esd-angry-source/wav/0015_000610_angry.wav,0015,angry,"As soon as she went in, there was disorder.",000260
/data/home/hys4qm/ste-optimized/data/esd-angry-source/wav/0015_000260_neutral.wav,0015,neutral,"As soon as she went in, there was disorder.",000260
/data/home/hys4qm/ste-optimized/data/esd-angry-source/wav/0015_000649_angry.wav,0015,angry,His hope will cheat him.,000299
/data/home/hys4qm/ste-optimized/data/esd-angry-source/wav/0015_000299_neutral.wav,0015,neutral,His hope will cheat him.,000299
/data/home/hys4qm/ste-optimized/data/esd-angry-source/wav/0016_000370_angry.wav,0016,angry,At the roots-of a bush of a grass.,000020
/data/home/hys4qm/ste-optimized/data/esd-angry-source/wav/0016_000020_neutral.wav,0016,neutral,At the roots-of a bush of a grass.,000020
/data/home/hys4qm/ste-optimized/data/esd-angry-source/wav/0016_000400_angry.wav,0016,angry,Rabbit gave dog a hurrying up sort of nudge.,000050
/data/home/hys4qm/ste-optimized/data/esd-angry-source/wav/0016_000050_neutral.wav,0016,neutral,Rabbit gave dog a hurrying up sort of nudge.,000050
/data/home/hys4qm/ste-optimized/data/esd-angry-source/wav/0016_000409_angry.wav,0016,angry,Zero four three a silver shilling is journey.,000059
/data/home/hys4qm/ste-optimized/data/esd-angry-source/wav/0016_000059_neutral.wav,0016,neutral,Zero four three a silver shilling is journey.,000059
/data/home/hys4qm/ste-optimized/data/esd-angry-source/wav/0016_000410_angry.wav,0016,angry,That I am a born nurse.,000060
/data/home/hys4qm/ste-optimized/data/esd-angry-source/wav/0016_000060_neutral.wav,0016,neutral,That I am a born nurse.,000060
/data/home/hys4qm/ste-optimized/data/esd-angry-source/wav/0016_000427_angry.wav,0016,angry,But I saw you walking.,000077
/data/home/hys4qm/ste-optimized/data/esd-angry-source/wav/0016_000077_neutral.wav,0016,neutral,But I saw you walking.,000077
/data/home/hys4qm/ste-optimized/data/esd-angry-source/wav/0016_000450_angry.wav,0016,angry,"Well anyhow it didn't rain, he said.",000100
/data/home/hys4qm/ste-optimized/data/esd-angry-source/wav/0016_000100_neutral.wav,0016,neutral,"Well anyhow it didn't rain, he said.",000100
/data/home/hys4qm/ste-optimized/data/esd-angry-source/wav/0016_000468_angry.wav,0016,angry,Look out! said Alice.,000118
/data/home/hys4qm/ste-optimized/data/esd-angry-source/wav/0016_000118_neutral.wav,0016,neutral,Look out! said Alice.,000118
/data/home/hys4qm/ste-optimized/data/esd-angry-source/wav/0016_000477_angry.wav,0016,angry,Cos I know I had some honey.,000127
/data/home/hys4qm/ste-optimized/data/esd-angry-source/wav/0016_000127_neutral.wav,0016,neutral,Cos I know I had some honey.,000127
/data/home/hys4qm/ste-optimized/data/esd-angry-source/wav/0016_000568_angry.wav,0016,angry,I'll send for Tom to my boudoir.,000218
/data/home/hys4qm/ste-optimized/data/esd-angry-source/wav/0016_000218_neutral.wav,0016,neutral,I'll send for Tom to my boudoir.,000218
/data/home/hys4qm/ste-optimized/data/esd-angry-source/wav/0016_000572_angry.wav,0016,angry,Ask god to help you.,000222
/data/home/hys4qm/ste-optimized/data/esd-angry-source/wav/0016_000222_neutral.wav,0016,neutral,Ask god to help you.,000222
/data/home/hys4qm/ste-optimized/data/esd-angry-source/wav/0016_000574_angry.wav,0016,angry,Do you know the lid opens?,000224
/data/home/hys4qm/ste-optimized/data/esd-angry-source/wav/0016_000224_neutral.wav,0016,neutral,Do you know the lid opens?,000224
/data/home/hys4qm/ste-optimized/data/esd-angry-source/wav/0016_000578_angry.wav,0016,angry,It says no way! shouted Daisy.,000228
/data/home/hys4qm/ste-optimized/data/esd-angry-source/wav/0016_000228_neutral.wav,0016,neutral,It says no way! shouted Daisy.,000228
/data/home/hys4qm/ste-optimized/data/esd-angry-source/wav/0016_000585_angry.wav,0016,angry,"If not, I shall go no further.",000235
/data/home/hys4qm/ste-optimized/data/esd-angry-source/wav/0016_000235_neutral.wav,0016,neutral,"If not, I shall go no further.",000235
/data/home/hys4qm/ste-optimized/data/esd-angry-source/wav/0016_000596_angry.wav,0016,angry,We can not do it sir.,000246
/data/home/hys4qm/ste-optimized/data/esd-angry-source/wav/0016_000246_neutral.wav,0016,neutral,We can not do it sir.,000246
/data/home/hys4qm/ste-optimized/data/esd-angry-source/wav/0016_000657_angry.wav,0016,angry,I owe them five hundred dollars.,000307
/data/home/hys4qm/ste-optimized/data/esd-angry-source/wav/0016_000307_neutral.wav,0016,neutral,I owe them five hundred dollars.,000307
/data/home/hys4qm/ste-optimized/data/esd-angry-source/wav/0016_000664_angry.wav,0016,angry,Bob goes to a new school.,000314
/data/home/hys4qm/ste-optimized/data/esd-angry-source/wav/0016_000314_neutral.wav,0016,neutral,Bob goes to a new school.,000314
/data/home/hys4qm/ste-optimized/data/esd-angry-source/wav/0016_000682_angry.wav,0016,angry,where are you going?,000332
/data/home/hys4qm/ste-optimized/data/esd-angry-source/wav/0016_000332_neutral.wav,0016,neutral,where are you going?,000332
/data/home/hys4qm/ste-optimized/data/esd-angry-source/wav/0016_000688_angry.wav,0016,angry,Paul's teeth ached because of lemon.,000338
/data/home/hys4qm/ste-optimized/data/esd-angry-source/wav/0016_000338_neutral.wav,0016,neutral,Paul's teeth ached because of lemon.,000338
/data/home/hys4qm/ste-optimized/data/esd-angry-source/wav/0016_000692_angry.wav,0016,angry,Why should I purchase my own?,000342
/data/home/hys4qm/ste-optimized/data/esd-angry-source/wav/0016_000342_neutral.wav,0016,neutral,Why should I purchase my own?,000342
/data/home/hys4qm/ste-optimized/data/esd-angry-source/wav/0016_000693_angry.wav,0016,angry,And what does it mean?,000343
/data/home/hys4qm/ste-optimized/data/esd-angry-source/wav/0016_000343_neutral.wav,0016,neutral,And what does it mean?,000343
/data/home/hys4qm/ste-optimized/data/esd-angry-source/wav/0017_000361_angry.wav,0017,angry,Chapter ten a warm welcome.,000011
/data/home/hys4qm/ste-optimized/data/esd-angry-source/wav/0017_000011_neutral.wav,0017,neutral,Chapter ten a warm welcome.,000011
/data/home/hys4qm/ste-optimized/data/esd-angry-source/wav/0017_000371_angry.wav,0017,angry,As rich-as Peter's son in law!,000021
/data/home/hys4qm/ste-optimized/data/esd-angry-source/wav/0017_000021_neutral.wav,0017,neutral,As rich-as Peter's son in law!,000021
/data/home/hys4qm/ste-optimized/data/esd-angry-source/wav/0017_000372_angry.wav,0017,angry,And what are doves. And what are doves.,000022
/data/home/hys4qm/ste-optimized/data/esd-angry-source/wav/0017_000022_neutral.wav,0017,neutral,And what are doves. And what are doves.,000022
/data/home/hys4qm/ste-optimized/data/esd-angry-source/wav/0017_000377_angry.wav,0017,angry,Monster made a deep bow.,000027
/data/home/hys4qm/ste-optimized/data/esd-angry-source/wav/0017_000027_neutral.wav,0017,neutral,Monster made a deep bow.,000027
/data/home/hys4qm/ste-optimized/data/esd-angry-source/wav/0017_000392_angry.wav,0017,angry,She may mind ye of her.,000042
/data/home/hys4qm/ste-optimized/data/esd-angry-source/wav/0017_000042_neutral.wav,0017,neutral,She may mind ye of her.,000042
/data/home/hys4qm/ste-optimized/data/esd-angry-source/wav/0017_000401_angry.wav,0017,angry,Said the American to Chinese.,000051
/data/home/hys4qm/ste-optimized/data/esd-angry-source/wav/0017_000051_neutral.wav,0017,neutral,Said the American to Chinese.,000051
/data/home/hys4qm/ste-optimized/data/esd-angry-source/wav/0017_000402_angry.wav,0017,angry,"From August eighteenth, of their divorce.",000052
/data/home/hys4qm/ste-optimized/data/esd-angry-source/wav/0017_000052_neutral.wav,0017,neutral,"From August eighteenth, of their divorce.",000052
/data/home/hys4qm/ste-optimized/data/esd-angry-source/wav/0017_000412_angry.wav,0017,angry,"Tom, went on eeyore gloomily.",000062
/data/home/hys4qm/ste-optimized/data/esd-angry-source/wav/0017_000062_neutral.wav,0017,neutral,"Tom, went on eeyore gloomily.",000062
/data/home/hys4qm/ste-optimized/data/esd-angry-source/wav/0017_000420_angry.wav,0017,angry,Tom now let our arrows fly!,000070
/data/home/hys4qm/ste-optimized/data/esd-angry-source/wav/0017_000070_neutral.wav,0017,neutral,Tom now let our arrows fly!,000070
/data/home/hys4qm/ste-optimized/data/esd-angry-source/wav/0017_000422_angry.wav,0017,angry,"How are you, dear child?",000072
/data/home/hys4qm/ste-optimized/data/esd-angry-source/wav/0017_000072_neutral.wav,0017,neutral,"How are you, dear child?",000072
/data/home/hys4qm/ste-optimized/data/esd-angry-source/wav/0017_000441_angry.wav,0017,angry,We expected Tom would jump for joy.,000091
/data/home/hys4qm/ste-optimized/data/esd-angry-source/wav/0017_000091_neutral.wav,0017,neutral,We expected Tom would jump for joy.,000091
/data/home/hys4qm/ste-optimized/data/esd-angry-source/wav/0017_000446_angry.wav,0017,angry,I don't painted tiger.,000096
/data/home/hys4qm/ste-optimized/data/esd-angry-source/wav/0017_000096_neutral.wav,0017,neutral,I don't painted tiger.,000096
/data/home/hys4qm/ste-optimized/data/esd-angry-source/wav/0017_000465_angry.wav,0017,angry,"He might call it, for example.",000115
/data/home/hys4qm/ste-optimized/data/esd-angry-source/wav/0017_000115_neutral.wav,0017,neutral,"He might call it, for example.",000115
/data/home/hys4qm/ste-optimized/data/esd-angry-source/wav/0017_000469_angry.wav,0017,angry,The owl flew into a bush.,000119
/data/home/hys4qm/ste-optimized/data/esd-angry-source/wav/0017_000119_neutral.wav,0017,neutral,The owl flew into a bush.,000119
/data/home/hys4qm/ste-optimized/data/esd-angry-source/wav/0017_000481_angry.wav,0017,angry,It must come sometimes to jam a day.,000131
/data/home/hys4qm/ste-optimized/data/esd-angry-source/wav/0017_000131_neutral.wav,0017,neutral,It must come sometimes to jam a day.,000131
/data/home/hys4qm/ste-optimized/data/esd-angry-source/wav/0017_000493_angry.wav,0017,angry,Pussy can sit by the fire and sing.,000143
/data/home/hys4qm/ste-optimized/data/esd-angry-source/wav/0017_000143_neutral.wav,0017,neutral,Pussy can sit by the fire and sing.,000143
/data/home/hys4qm/ste-optimized/data/esd-angry-source/wav/0017_000495_angry.wav,0017,angry,Reed by the living pool!,000145
/data/home/hys4qm/ste-optimized/data/esd-angry-source/wav/0017_000145_neutral.wav,0017,neutral,Reed by the living pool!,000145
/data/home/hys4qm/ste-optimized/data/esd-angry-source/wav/0017_000506_angry.wav,0017,angry,The eye could not catch them.,000156
/data/home/hys4qm/ste-optimized/data/esd-angry-source/wav/0017_000156_neutral.wav,0017,neutral,The eye could not catch them.,000156
/data/home/hys4qm/ste-optimized/data/esd-angry-source/wav/0017_000508_angry.wav,0017,angry,it looks much better.,000158
/data/home/hys4qm/ste-optimized/data/esd-angry-source/wav/0017_000158_neutral.wav,0017,neutral,it looks much better.,000158
/data/home/hys4qm/ste-optimized/data/esd-angry-source/wav/0017_000509_angry.wav,0017,angry,Such tunes are joy to a dancing fay.,000159
/data/home/hys4qm/ste-optimized/data/esd-angry-source/wav/0017_000159_neutral.wav,0017,neutral,Such tunes are joy to a dancing fay.,000159
/data/home/hys4qm/ste-optimized/data/esd-angry-source/wav/0017_000513_angry.wav,0017,angry,How they went to the mountains to eat nuts.,000163
/data/home/hys4qm/ste-optimized/data/esd-angry-source/wav/0017_000163_neutral.wav,0017,neutral,How they went to the mountains to eat nuts.,000163
/data/home/hys4qm/ste-optimized/data/esd-angry-source/wav/0017_000515_angry.wav,0017,angry,"They were going fast, with a light clip.",000165
/data/home/hys4qm/ste-optimized/data/esd-angry-source/wav/0017_000165_neutral.wav,0017,neutral,"They were going fast, with a light clip.",000165
/data/home/hys4qm/ste-optimized/data/esd-angry-source/wav/0017_000519_angry.wav,0017,angry,Sam waved his arm vaguely.,000169
/data/home/hys4qm/ste-optimized/data/esd-angry-source/wav/0017_000169_neutral.wav,0017,neutral,Sam waved his arm vaguely.,000169
/data/home/hys4qm/ste-optimized/data/esd-angry-source/wav/0017_000521_angry.wav,0017,angry,I say neither yea nor nay.,000171
/data/home/hys4qm/ste-optimized/data/esd-angry-source/wav/0017_000171_neutral.wav,0017,neutral,I say neither yea nor nay.,000171
/data/home/hys4qm/ste-optimized/data/esd-angry-source/wav/0017_000525_angry.wav,0017,angry,All this have we won by our labour.,000175
/data/home/hys4qm/ste-optimized/data/esd-angry-source/wav/0017_000175_neutral.wav,0017,neutral,All this have we won by our labour.,000175
/data/home/hys4qm/ste-optimized/data/esd-angry-source/wav/0017_000531_angry.wav,0017,angry,"First, issue a reward.",000181
/data/home/hys4qm/ste-optimized/data/esd-angry-source/wav/0017_000181_neutral.wav,0017,neutral,"First, issue a reward.",000181
/data/home/hys4qm/ste-optimized/data/esd-angry-source/wav/0017_000532_angry.wav,0017,angry,Age forty five if a day a lie.,000182
/data/home/hys4qm/ste-optimized/data/esd-angry-source/wav/0017_000182_neutral.wav,0017,neutral,Age forty five if a day a lie.,000182
/data/home/hys4qm/ste-optimized/data/esd-angry-source/wav/0017_000541_angry.wav,0017,angry,I make her quite nervy at times.,000191
/data/home/hys4qm/ste-optimized/data/esd-angry-source/wav/0017_000191_neutral.wav,0017,neutral,I make her quite nervy at times.,000191
/data/home/hys4qm/ste-optimized/data/esd-angry-source/wav/0017_000547_angry.wav,0017,angry,"Fur flew through the air, teeth gnashed.",000197
/data/home/hys4qm/ste-optimized/data/esd-angry-source/wav/0017_000197_neutral.wav,0017,neutral,"Fur flew through the air, teeth gnashed.",000197
/data/home/hys4qm/ste-optimized/data/esd-angry-source/wav/0017_000552_angry.wav,0017,angry,that sounds good.,000202
/data/home/hys4qm/ste-optimized/data/esd-angry-source/wav/0017_000202_neutral.wav,0017,neutral,that sounds good.,000202
/data/home/hys4qm/ste-optimized/data/esd-angry-source/wav/0017_000576_angry.wav,0017,angry,And the next day. Nurse will be released.,000226
/data/home/hys4qm/ste-optimized/data/esd-angry-source/wav/0017_000226_neutral.wav,0017,neutral,And the next day. Nurse will be released.,000226
/data/home/hys4qm/ste-optimized/data/esd-angry-source/wav/0017_000577_angry.wav,0017,angry,"Born once every one hundred years, dies in flames!",000227
/data/home/hys4qm/ste-optimized/data/esd-angry-source/wav/0017_000227_neutral.wav,0017,neutral,"Born once every one hundred years, dies in flames!",000227
/data/home/hys4qm/ste-optimized/data/esd-angry-source/wav/0017_000579_angry.wav,0017,angry,The first year they sowed rye.,000229
/data/home/hys4qm/ste-optimized/data/esd-angry-source/wav/0017_000229_neutral.wav,0017,neutral,The first year they sowed rye.,000229
/data/home/hys4qm/ste-optimized/data/esd-angry-source/wav/0017_000586_angry.wav,0017,angry,How rash you are!,000236
/data/home/hys4qm/ste-optimized/data/esd-angry-source/wav/0017_000236_neutral.wav,0017,neutral,How rash you are!,000236
/data/home/hys4qm/ste-optimized/data/esd-angry-source/wav/0017_000588_angry.wav,0017,angry,Today isn't any other day.,000238
/data/home/hys4qm/ste-optimized/data/esd-angry-source/wav/0017_000238_neutral.wav,0017,neutral,Today isn't any other day.,000238
/data/home/hys4qm/ste-optimized/data/esd-angry-source/wav/0017_000592_angry.wav,0017,angry,Give me your hand or I will cry harder than before.,000242
/data/home/hys4qm/ste-optimized/data/esd-angry-source/wav/0017_000242_neutral.wav,0017,neutral,Give me your hand or I will cry harder than before.,000242
/data/home/hys4qm/ste-optimized/data/esd-angry-source/wav/0017_000596_angry.wav,0017,angry,We can not do it sir.,000246
/data/home/hys4qm/ste-optimized/data/esd-angry-source/wav/0017_000246_neutral.wav,0017,neutral,We can not do it sir.,000246
/data/home/hys4qm/ste-optimized/data/esd-angry-source/wav/0017_000611_angry.wav,0017,angry,After a while he perceived both giants.,000261
/data/home/hys4qm/ste-optimized/data/esd-angry-source/wav/0017_000261_neutral.wav,0017,neutral,After a while he perceived both giants.,000261
/data/home/hys4qm/ste-optimized/data/esd-angry-source/wav/0017_000613_angry.wav,0017,angry,She said in subdued voice.,000263
/data/home/hys4qm/ste-optimized/data/esd-angry-source/wav/0017_000263_neutral.wav,0017,neutral,She said in subdued voice.,000263
/data/home/hys4qm/ste-optimized/data/esd-angry-source/wav/0017_000626_angry.wav,0017,angry,Can your name be more hilarious?,000276
/data/home/hys4qm/ste-optimized/data/esd-angry-source/wav/0017_000276_neutral.wav,0017,neutral,Can your name be more hilarious?,000276
/data/home/hys4qm/ste-optimized/data/esd-angry-source/wav/0017_000630_angry.wav,0017,angry,Your path now goes south.,000280
/data/home/hys4qm/ste-optimized/data/esd-angry-source/wav/0017_000280_neutral.wav,0017,neutral,Your path now goes south.,000280
/data/home/hys4qm/ste-optimized/data/esd-angry-source/wav/0017_000632_angry.wav,0017,angry,Alice I won't forget it again.,000282
/data/home/hys4qm/ste-optimized/data/esd-angry-source/wav/0017_000282_neutral.wav,0017,neutral,Alice I won't forget it again.,000282
/data/home/hys4qm/ste-optimized/data/esd-angry-source/wav/0017_000639_angry.wav,0017,angry,"No, said piggy carelessly.",000289
/data/home/hys4qm/ste-optimized/data/esd-angry-source/wav/0017_000289_neutral.wav,0017,neutral,"No, said piggy carelessly.",000289
/data/home/hys4qm/ste-optimized/data/esd-angry-source/wav/0017_000659_angry.wav,0017,angry,"He owed mister Lawson, I can't tell you how.",000309
/data/home/hys4qm/ste-optimized/data/esd-angry-source/wav/0017_000309_neutral.wav,0017,neutral,"He owed mister Lawson, I can't tell you how.",000309
/data/home/hys4qm/ste-optimized/data/esd-angry-source/wav/0017_000663_angry.wav,0017,angry,Give me a fine fat goose.,000313
/data/home/hys4qm/ste-optimized/data/esd-angry-source/wav/0017_000313_neutral.wav,0017,neutral,Give me a fine fat goose.,000313
/data/home/hys4qm/ste-optimized/data/esd-angry-source/wav/0017_000669_angry.wav,0017,angry,How could I dig burrows with short toe nails?,000319
/data/home/hys4qm/ste-optimized/data/esd-angry-source/wav/0017_000319_neutral.wav,0017,neutral,How could I dig burrows with short toe nails?,000319
/data/home/hys4qm/ste-optimized/data/esd-angry-source/wav/0017_000675_angry.wav,0017,angry,She has no place for hot pepper .,000325
/data/home/hys4qm/ste-optimized/data/esd-angry-source/wav/0017_000325_neutral.wav,0017,neutral,She has no place for hot pepper .,000325
/data/home/hys4qm/ste-optimized/data/esd-angry-source/wav/0017_000695_angry.wav,0017,angry,A whirring noise was heard.,000345
/data/home/hys4qm/ste-optimized/data/esd-angry-source/wav/0017_000345_neutral.wav,0017,neutral,A whirring noise was heard.,000345
/data/home/hys4qm/ste-optimized/data/esd-angry-source/wav/0017_000698_angry.wav,0017,angry,"Dear customer,welcome to our ship.",000348
/data/home/hys4qm/ste-optimized/data/esd-angry-source/wav/0017_000348_neutral.wav,0017,neutral,"Dear customer,welcome to our ship.",000348
/data/home/hys4qm/ste-optimized/data/esd-angry-source/wav/0017_000700_angry.wav,0017,angry,Do you have anything in mind?,000350
/data/home/hys4qm/ste-optimized/data/esd-angry-source/wav/0017_000350_neutral.wav,0017,neutral,Do you have anything in mind?,000350
/data/home/hys4qm/ste-optimized/data/esd-angry-source/wav/0018_000376_angry.wav,0018,angry,Let's make the noise a snake.,000026
/data/home/hys4qm/ste-optimized/data/esd-angry-source/wav/0018_000026_neutral.wav,0018,neutral,Let's make the noise a snake.,000026
/data/home/hys4qm/ste-optimized/data/esd-angry-source/wav/0018_000410_angry.wav,0018,angry,That I am a born nurse.,000060
/data/home/hys4qm/ste-optimized/data/esd-angry-source/wav/0018_000060_neutral.wav,0018,neutral,That I am a born nurse.,000060
/data/home/hys4qm/ste-optimized/data/esd-angry-source/wav/0018_000414_angry.wav,0018,angry,And we are so thirsty!,000064
/data/home/hys4qm/ste-optimized/data/esd-angry-source/wav/0018_000064_neutral.wav,0018,neutral,And we are so thirsty!,000064
/data/home/hys4qm/ste-optimized/data/esd-angry-source/wav/0018_000445_angry.wav,0018,angry,Aha what i have we here?,000095
/data/home/hys4qm/ste-optimized/data/esd-angry-source/wav/0018_000095_neutral.wav,0018,neutral,Aha what i have we here?,000095
/data/home/hys4qm/ste-optimized/data/esd-angry-source/wav/0018_000450_angry.wav,0018,angry,"Well anyhow it didn't rain, he said.",000100
/data/home/hys4qm/ste-optimized/data/esd-angry-source/wav/0018_000100_neutral.wav,0018,neutral,"Well anyhow it didn't rain, he said.",000100
/data/home/hys4qm/ste-optimized/data/esd-angry-source/wav/0018_000498_angry.wav,0018,angry,"And on the top of them, came Winnie, the cute bear.",000148
/data/home/hys4qm/ste-optimized/data/esd-angry-source/wav/0018_000148_neutral.wav,0018,neutral,"And on the top of them, came Winnie, the cute bear.",000148
/data/home/hys4qm/ste-optimized/data/esd-angry-source/wav/0018_000566_angry.wav,0018,angry,it isn't picked at all.,000216
/data/home/hys4qm/ste-optimized/data/esd-angry-source/wav/0018_000216_neutral.wav,0018,neutral,it isn't picked at all.,000216
/data/home/hys4qm/ste-optimized/data/esd-angry-source/wav/0018_000616_angry.wav,0018,angry,We may join with that power.,000266
/data/home/hys4qm/ste-optimized/data/esd-angry-source/wav/0018_000266_neutral.wav,0018,neutral,We may join with that power.,000266
/data/home/hys4qm/ste-optimized/data/esd-angry-source/wav/0018_000654_angry.wav,0018,angry,How do you like you dirty bird!,000304
/data/home/hys4qm/ste-optimized/data/esd-angry-source/wav/0018_000304_neutral.wav,0018,neutral,How do you like you dirty bird!,000304
/data/home/hys4qm/ste-optimized/data/esd-angry-source/wav/0018_000658_angry.wav,0018,angry,Perhaps you think that is a queer title for this chapter.,000308
/data/home/hys4qm/ste-optimized/data/esd-angry-source/wav/0018_000308_neutral.wav,0018,neutral,Perhaps you think that is a queer title for this chapter.,000308
/data/home/hys4qm/ste-optimized/data/esd-angry-source/wav/0019_000361_angry.wav,0019,angry,Chapter ten a warm welcome.,000011
/data/home/hys4qm/ste-optimized/data/esd-angry-source/wav/0019_000011_neutral.wav,0019,neutral,Chapter ten a warm welcome.,000011
/data/home/hys4qm/ste-optimized/data/esd-angry-source/wav/0019_000383_angry.wav,0019,angry,This used to be Jerry's occupation.,000033
/data/home/hys4qm/ste-optimized/data/esd-angry-source/wav/0019_000033_neutral.wav,0019,neutral,This used to be Jerry's occupation.,000033
/data/home/hys4qm/ste-optimized/data/esd-angry-source/wav/0019_000386_angry.wav,0019,angry,How I hate this foul pool!,000036
/data/home/hys4qm/ste-optimized/data/esd-angry-source/wav/0019_000036_neutral.wav,0019,neutral,How I hate this foul pool!,000036
/data/home/hys4qm/ste-optimized/data/esd-angry-source/wav/0019_000399_angry.wav,0019,angry,Then we all say aha!,000049
/data/home/hys4qm/ste-optimized/data/esd-angry-source/wav/0019_000049_neutral.wav,0019,neutral,Then we all say aha!,000049
/data/home/hys4qm/ste-optimized/data/esd-angry-source/wav/0019_000408_angry.wav,0019,angry,The octopus has eight legs.,000058
/data/home/hys4qm/ste-optimized/data/esd-angry-source/wav/0019_000058_neutral.wav,0019,neutral,The octopus has eight legs.,000058
/data/home/hys4qm/ste-optimized/data/esd-angry-source/wav/0019_000410_angry.wav,0019,angry,That I am a born nurse.,000060
/data/home/hys4qm/ste-optimized/data/esd-angry-source/wav/0019_000060_neutral.wav,0019,neutral,That I am a born nurse.,000060
/data/home/hys4qm/ste-optimized/data/esd-angry-source/wav/0019_000422_angry.wav,0019,angry,"How are you, dear child?",000072
/data/home/hys4qm/ste-optimized/data/esd-angry-source/wav/0019_000072_neutral.wav,0019,neutral,"How are you, dear child?",000072
/data/home/hys4qm/ste-optimized/data/esd-angry-source/wav/0019_000449_angry.wav,0019,angry,I've hit the wrong nose.,000099
/data/home/hys4qm/ste-optimized/data/esd-angry-source/wav/0019_000099_neutral.wav,0019,neutral,I've hit the wrong nose.,000099
/data/home/hys4qm/ste-optimized/data/esd-angry-source/wav/0019_000450_angry.wav,0019,angry,"Well anyhow it didn't rain, he said.",000100
/data/home/hys4qm/ste-optimized/data/esd-angry-source/wav/0019_000100_neutral.wav,0019,neutral,"Well anyhow it didn't rain, he said.",000100
/data/home/hys4qm/ste-optimized/data/esd-angry-source/wav/0019_000466_angry.wav,0019,angry,"No, I burst the balloon!",000116
/data/home/hys4qm/ste-optimized/data/esd-angry-source/wav/0019_000116_neutral.wav,0019,neutral,"No, I burst the balloon!",000116
/data/home/hys4qm/ste-optimized/data/esd-angry-source/wav/0019_000532_angry.wav,0019,angry,Age forty five if a day a lie.,000182
/data/home/hys4qm/ste-optimized/data/esd-angry-source/wav/0019_000182_neutral.wav,0019,neutral,Age forty five if a day a lie.,000182
/data/home/hys4qm/ste-optimized/data/esd-angry-source/wav/0019_000576_angry.wav,0019,angry,And the next day. Nurse will be released.,000226
/data/home/hys4qm/ste-optimized/data/esd-angry-source/wav/0019_000226_neutral.wav,0019,neutral,And the next day. Nurse will be released.,000226
/data/home/hys4qm/ste-optimized/data/esd-angry-source/wav/0019_000608_angry.wav,0019,angry,"Mum shuts one's mouth up, doesn't it.",000258
/data/home/hys4qm/ste-optimized/data/esd-angry-source/wav/0019_000258_neutral.wav,0019,neutral,"Mum shuts one's mouth up, doesn't it.",000258
/data/home/hys4qm/ste-optimized/data/esd-angry-source/wav/0019_000610_angry.wav,0019,angry,"As soon as she went in, there was disorder.",000260
/data/home/hys4qm/ste-optimized/data/esd-angry-source/wav/0019_000260_neutral.wav,0019,neutral,"As soon as she went in, there was disorder.",000260
/data/home/hys4qm/ste-optimized/data/esd-angry-source/wav/0019_000612_angry.wav,0019,angry,I believe you are one of them!,000262
/data/home/hys4qm/ste-optimized/data/esd-angry-source/wav/0019_000262_neutral.wav,0019,neutral,I believe you are one of them!,000262
/data/home/hys4qm/ste-optimized/data/esd-angry-source/wav/0019_000618_angry.wav,0019,angry,He showed no signs of age.,000268
/data/home/hys4qm/ste-optimized/data/esd-angry-source/wav/0019_000268_neutral.wav,0019,neutral,He showed no signs of age.,000268
/data/home/hys4qm/ste-optimized/data/esd-angry-source/wav/0019_000622_angry.wav,0019,angry,No admittance except on party business.,000272
/data/home/hys4qm/ste-optimized/data/esd-angry-source/wav/0019_000272_neutral.wav,0019,neutral,No admittance except on party business.,000272
/data/home/hys4qm/ste-optimized/data/esd-angry-source/wav/0019_000624_angry.wav,0019,angry,Because he was a man with infinite resource and sagacity.,000274
/data/home/hys4qm/ste-optimized/data/esd-angry-source/wav/0019_000274_neutral.wav,0019,neutral,Because he was a man with infinite resource and sagacity.,000274
/data/home/hys4qm/ste-optimized/data/esd-angry-source/wav/0019_000629_angry.wav,0019,angry,These words behind the ears is nonsense.,000279
/data/home/hys4qm/ste-optimized/data/esd-angry-source/wav/0019_000279_neutral.wav,0019,neutral,These words behind the ears is nonsense.,000279
/data/home/hys4qm/ste-optimized/data/esd-angry-source/wav/0019_000665_angry.wav,0019,angry,It's to say how do you do with Tom's answer.,000315
/data/home/hys4qm/ste-optimized/data/esd-angry-source/wav/0019_000315_neutral.wav,0019,neutral,It's to say how do you do with Tom's answer.,000315
/data/home/hys4qm/ste-optimized/data/esd-angry-source/wav/0020_000364_angry.wav,0020,angry,Annie please please don't hurt me!,000014
/data/home/hys4qm/ste-optimized/data/esd-angry-source/wav/0020_000014_neutral.wav,0020,neutral,Annie please please don't hurt me!,000014
/data/home/hys4qm/ste-optimized/data/esd-angry-source/wav/0020_000371_angry.wav,0020,angry,As rich as Peter's son in law!,000021
/data/home/hys4qm/ste-optimized/data/esd-angry-source/wav/0020_000021_neutral.wav,0020,neutral,As rich as Peter's son in law!,000021
/data/home/hys4qm/ste-optimized/data/esd-angry-source/wav/0020_000372_angry.wav,0020,angry,And what are doves. And what are doves.,000022
/data/home/hys4qm/ste-optimized/data/esd-angry-source/wav/0020_000022_neutral.wav,0020,neutral,And what are doves. And what are doves.,000022
/data/home/hys4qm/ste-optimized/data/esd-angry-source/wav/0020_000373_angry.wav,0020,angry,I thought you meant how old are you?,000023
/data/home/hys4qm/ste-optimized/data/esd-angry-source/wav/0020_000023_neutral.wav,0020,neutral,I thought you meant how old are you?,000023
/data/home/hys4qm/ste-optimized/data/esd-angry-source/wav/0020_000379_angry.wav,0020,angry,Rat came and replied on the leaves.,000029
/data/home/hys4qm/ste-optimized/data/esd-angry-source/wav/0020_000029_neutral.wav,0020,neutral,Rat came and replied on the leaves.,000029
/data/home/hys4qm/ste-optimized/data/esd-angry-source/wav/0020_000386_angry.wav,0020,angry,How I hate this foul pool!,000036
/data/home/hys4qm/ste-optimized/data/esd-angry-source/wav/0020_000036_neutral.wav,0020,neutral,How I hate this foul pool!,000036
/data/home/hys4qm/ste-optimized/data/esd-angry-source/wav/0020_000391_angry.wav,0020,angry,I chose the right way.,000041
/data/home/hys4qm/ste-optimized/data/esd-angry-source/wav/0020_000041_neutral.wav,0020,neutral,I chose the right way.,000041
/data/home/hys4qm/ste-optimized/data/esd-angry-source/wav/0020_000401_angry.wav,0020,angry,Said the American to Chinese.,000051
/data/home/hys4qm/ste-optimized/data/esd-angry-source/wav/0020_000051_neutral.wav,0020,neutral,Said the American to Chinese.,000051
/data/home/hys4qm/ste-optimized/data/esd-angry-source/wav/0020_000409_angry.wav,0020,angry,Zero four three a silver shilling is journey.,000059
/data/home/hys4qm/ste-optimized/data/esd-angry-source/wav/0020_000059_neutral.wav,0020,neutral,Zero four three a silver shilling is journey.,000059
/data/home/hys4qm/ste-optimized/data/esd-angry-source/wav/0020_000416_angry.wav,0020,angry,Shall we let Barbara in?,000066
/data/home/hys4qm/ste-optimized/data/esd-angry-source/wav/0020_000066_neutral.wav,0020,neutral,Shall we let Barbara in?,000066
/data/home/hys4qm/ste-optimized/data/esd-angry-source/wav/0020_000417_angry.wav,0020,angry,"I suppose no, it doesn't!",000067
/data/home/hys4qm/ste-optimized/data/esd-angry-source/wav/0020_000067_neutral.wav,0020,neutral,"I suppose no, it doesn't!",000067
/data/home/hys4qm/ste-optimized/data/esd-angry-source/wav/0020_000419_angry.wav,0020,angry,"Not much use is it, Sam?",000069
/data/home/hys4qm/ste-optimized/data/esd-angry-source/wav/0020_000069_neutral.wav,0020,neutral,"Not much use is it, Sam?",000069
/data/home/hys4qm/ste-optimized/data/esd-angry-source/wav/0020_000434_angry.wav,0020,angry,By hook or by crook.,000084
/data/home/hys4qm/ste-optimized/data/esd-angry-source/wav/0020_000084_neutral.wav,0020,neutral,By hook or by crook.,000084
/data/home/hys4qm/ste-optimized/data/esd-angry-source/wav/0020_000458_angry.wav,0020,angry,The squire himself showed perfect.,000108
/data/home/hys4qm/ste-optimized/data/esd-angry-source/wav/0020_000108_neutral.wav,0020,neutral,The squire himself showed perfect.,000108
/data/home/hys4qm/ste-optimized/data/esd-angry-source/wav/0020_000462_angry.wav,0020,angry,"Clown, to call him joey.",000112
/data/home/hys4qm/ste-optimized/data/esd-angry-source/wav/0020_000112_neutral.wav,0020,neutral,"Clown, to call him joey.",000112
/data/home/hys4qm/ste-optimized/data/esd-angry-source/wav/0020_000466_angry.wav,0020,angry,"No, I burst the balloon!",000116
/data/home/hys4qm/ste-optimized/data/esd-angry-source/wav/0020_000116_neutral.wav,0020,neutral,"No, I burst the balloon!",000116
/data/home/hys4qm/ste-optimized/data/esd-angry-source/wav/0020_000473_angry.wav,0020,angry,I am from towel land.,000123
/data/home/hys4qm/ste-optimized/data/esd-angry-source/wav/0020_000123_neutral.wav,0020,neutral,I am from towel land.,000123
/data/home/hys4qm/ste-optimized/data/esd-angry-source/wav/0020_000483_angry.wav,0020,angry,I smell the breath of an English.,000133
/data/home/hys4qm/ste-optimized/data/esd-angry-source/wav/0020_000133_neutral.wav,0020,neutral,I smell the breath of an English.,000133
/data/home/hys4qm/ste-optimized/data/esd-angry-source/wav/0020_000487_angry.wav,0020,angry,Let the glass globe be.,000137
/data/home/hys4qm/ste-optimized/data/esd-angry-source/wav/0020_000137_neutral.wav,0020,neutral,Let the glass globe be.,000137
/data/home/hys4qm/ste-optimized/data/esd-angry-source/wav/0020_000488_angry.wav,0020,angry,But one requires the explorer to furnish proofs.,000138
/data/home/hys4qm/ste-optimized/data/esd-angry-source/wav/0020_000138_neutral.wav,0020,neutral,But one requires the explorer to furnish proofs.,000138
/data/home/hys4qm/ste-optimized/data/esd-angry-source/wav/0020_000490_angry.wav,0020,angry,What an impetuous boy he is!,000140
/data/home/hys4qm/ste-optimized/data/esd-angry-source/wav/0020_000140_neutral.wav,0020,neutral,What an impetuous boy he is!,000140
/data/home/hys4qm/ste-optimized/data/esd-angry-source/wav/0020_000496_angry.wav,0020,angry,"He said to Jack, the chatterer.",000146
/data/home/hys4qm/ste-optimized/data/esd-angry-source/wav/0020_000146_neutral.wav,0020,neutral,"He said to Jack, the chatterer.",000146
/data/home/hys4qm/ste-optimized/data/esd-angry-source/wav/0020_000509_angry.wav,0020,angry,Such tunes are joy to a dancing fay.,000159
/data/home/hys4qm/ste-optimized/data/esd-angry-source/wav/0020_000159_neutral.wav,0020,neutral,Such tunes are joy to a dancing fay.,000159
/data/home/hys4qm/ste-optimized/data/esd-angry-source/wav/0020_000518_angry.wav,0020,angry,"I said you looked like an egg, sir.",000168
/data/home/hys4qm/ste-optimized/data/esd-angry-source/wav/0020_000168_neutral.wav,0020,neutral,"I said you looked like an egg, sir.",000168
/data/home/hys4qm/ste-optimized/data/esd-angry-source/wav/0020_000519_angry.wav,0020,angry,Sam waved his arm vaguely.,000169
/data/home/hys4qm/ste-optimized/data/esd-angry-source/wav/0020_000169_neutral.wav,0020,neutral,Sam waved his arm vaguely.,000169
/data/home/hys4qm/ste-optimized/data/esd-angry-source/wav/0020_000523_angry.wav,0020,angry,He searched through the box.,000173
/data/home/hys4qm/ste-optimized/data/esd-angry-source/wav/0020_000173_neutral.wav,0020,neutral,He searched through the box.,000173
/data/home/hys4qm/ste-optimized/data/esd-angry-source/wav/0020_000524_angry.wav,0020,angry,I pay half a crown a week extra.,000174
/data/home/hys4qm/ste-optimized/data/esd-angry-source/wav/0020_000174_neutral.wav,0020,neutral,I pay half a crown a week extra.,000174
/data/home/hys4qm/ste-optimized/data/esd-angry-source/wav/0020_000536_angry.wav,0020,angry,She jump at the tail and bite it savagely.,000186
/data/home/hys4qm/ste-optimized/data/esd-angry-source/wav/0020_000186_neutral.wav,0020,neutral,She jump at the tail and bite it savagely.,000186
/data/home/hys4qm/ste-optimized/data/esd-angry-source/wav/0020_000542_angry.wav,0020,angry,I have had to grow old.,000192
/data/home/hys4qm/ste-optimized/data/esd-angry-source/wav/0020_000192_neutral.wav,0020,neutral,I have had to grow old.,000192
/data/home/hys4qm/ste-optimized/data/esd-angry-source/wav/0020_000543_angry.wav,0020,angry,Please hire me after you.,000193
/data/home/hys4qm/ste-optimized/data/esd-angry-source/wav/0020_000193_neutral.wav,0020,neutral,Please hire me after you.,000193
/data/home/hys4qm/ste-optimized/data/esd-angry-source/wav/0020_000544_angry.wav,0020,angry,"Yes, I miss her.",000194
/data/home/hys4qm/ste-optimized/data/esd-angry-source/wav/0020_000194_neutral.wav,0020,neutral,"Yes, I miss her.",000194
/data/home/hys4qm/ste-optimized/data/esd-angry-source/wav/0020_000554_angry.wav,0020,angry,The song is really louding on a gate.,000204
/data/home/hys4qm/ste-optimized/data/esd-angry-source/wav/0020_000204_neutral.wav,0020,neutral,The song is really louding on a gate.,000204
/data/home/hys4qm/ste-optimized/data/esd-angry-source/wav/0020_000556_angry.wav,0020,angry,Still you owe it a duty.,000206
/data/home/hys4qm/ste-optimized/data/esd-angry-source/wav/0020_000206_neutral.wav,0020,neutral,Still you owe it a duty.,000206
/data/home/hys4qm/ste-optimized/data/esd-angry-source/wav/0020_000557_angry.wav,0020,angry,"What am I, I'm a racer, son of god.",000207
/data/home/hys4qm/ste-optimized/data/esd-angry-source/wav/0020_000207_neutral.wav,0020,neutral,"What am I, I'm a racer, son of god.",000207
/data/home/hys4qm/ste-optimized/data/esd-angry-source/wav/0020_000571_angry.wav,0020,angry,I am a selfish sinner.,000221
/data/home/hys4qm/ste-optimized/data/esd-angry-source/wav/0020_000221_neutral.wav,0020,neutral,I am a selfish sinner.,000221
/data/home/hys4qm/ste-optimized/data/esd-angry-source/wav/0020_000580_angry.wav,0020,angry,Your own wife is not at home.,000230
/data/home/hys4qm/ste-optimized/data/esd-angry-source/wav/0020_000230_neutral.wav,0020,neutral,Your own wife is not at home.,000230
/data/home/hys4qm/ste-optimized/data/esd-angry-source/wav/0020_000584_angry.wav,0020,angry,"Hurry up, hurry up!",000234
/data/home/hys4qm/ste-optimized/data/esd-angry-source/wav/0020_000234_neutral.wav,0020,neutral,"Hurry up, hurry up!",000234
/data/home/hys4qm/ste-optimized/data/esd-angry-source/wav/0020_000598_angry.wav,0020,angry,In which piglet meets a elephant.,000248
/data/home/hys4qm/ste-optimized/data/esd-angry-source/wav/0020_000248_neutral.wav,0020,neutral,In which piglet meets a elephant.,000248
/data/home/hys4qm/ste-optimized/data/esd-angry-source/wav/0020_000611_angry.wav,0020,angry,After a while he perceived both giants.,000261
/data/home/hys4qm/ste-optimized/data/esd-angry-source/wav/0020_000261_neutral.wav,0020,neutral,After a while he perceived both giants.,000261
/data/home/hys4qm/ste-optimized/data/esd-angry-source/wav/0020_000613_angry.wav,0020,angry,She said in subdued voice.,000263
/data/home/hys4qm/ste-optimized/data/esd-angry-source/wav/0020_000263_neutral.wav,0020,neutral,She said in subdued voice.,000263
/data/home/hys4qm/ste-optimized/data/esd-angry-source/wav/0020_000618_angry.wav,0020,angry,He showed no signs of age.,000268
/data/home/hys4qm/ste-optimized/data/esd-angry-source/wav/0020_000268_neutral.wav,0020,neutral,He showed no signs of age.,000268
/data/home/hys4qm/ste-optimized/data/esd-angry-source/wav/0020_000632_angry.wav,0020,angry,Alice I won't forget it again.,000282
/data/home/hys4qm/ste-optimized/data/esd-angry-source/wav/0020_000282_neutral.wav,0020,neutral,Alice I won't forget it again.,000282
/data/home/hys4qm/ste-optimized/data/esd-angry-source/wav/0020_000646_angry.wav,0020,angry,You woke me up!,000296
/data/home/hys4qm/ste-optimized/data/esd-angry-source/wav/0020_000296_neutral.wav,0020,neutral,You woke me up!,000296
/data/home/hys4qm/ste-optimized/data/esd-angry-source/wav/0020_000647_angry.wav,0020,angry,How Tom and Jerry went to visit mister Sam.,000297
/data/home/hys4qm/ste-optimized/data/esd-angry-source/wav/0020_000297_neutral.wav,0020,neutral,How Tom and Jerry went to visit mister Sam.,000297
/data/home/hys4qm/ste-optimized/data/esd-angry-source/wav/0020_000656_angry.wav,0020,angry,Please invite Tom if there is not requires.,000306
/data/home/hys4qm/ste-optimized/data/esd-angry-source/wav/0020_000306_neutral.wav,0020,neutral,Please invite Tom if there is not requires.,000306
/data/home/hys4qm/ste-optimized/data/esd-angry-source/wav/0020_000659_angry.wav,0020,angry,"He owed mister Lawson, I can't tell you how.",000309
/data/home/hys4qm/ste-optimized/data/esd-angry-source/wav/0020_000309_neutral.wav,0020,neutral,"He owed mister Lawson, I can't tell you how.",000309
/data/home/hys4qm/ste-optimized/data/esd-angry-source/wav/0020_000664_angry.wav,0020,angry,Bob goes to a new school.,000314
/data/home/hys4qm/ste-optimized/data/esd-angry-source/wav/0020_000314_neutral.wav,0020,neutral,Bob goes to a new school.,000314
/data/home/hys4qm/ste-optimized/data/esd-angry-source/wav/0020_000683_angry.wav,0020,angry,You gain for nothing girl!,000333
/data/home/hys4qm/ste-optimized/data/esd-angry-source/wav/0020_000333_neutral.wav,0020,neutral,You gain for nothing girl!,000333
/data/home/hys4qm/ste-optimized/data/esd-angry-source/wav/0020_000686_angry.wav,0020,angry,Over them swooped the eagles.,000336
/data/home/hys4qm/ste-optimized/data/esd-angry-source/wav/0020_000336_neutral.wav,0020,neutral,Over them swooped the eagles.,000336
/data/home/hys4qm/ste-optimized/data/esd-angry-source/wav/0020_000687_angry.wav,0020,angry,But mom I'm not certain about.,000337
/data/home/hys4qm/ste-optimized/data/esd-angry-source/wav/0020_000337_neutral.wav,0020,neutral,But mom I'm not certain about.,000337
